/*
SQLyog Ultimate v12.08 (64 bit)
MySQL - 5.7.28-0ubuntu0.19.04.2 : Database - bracelet
*********************************************************************
*/

/*!40101 SET NAMES utf8 */;

/*!40101 SET SQL_MODE=''*/;

/*!40014 SET @OLD_UNIQUE_CHECKS=@@UNIQUE_CHECKS, UNIQUE_CHECKS=0 */;
/*!40014 SET @OLD_FOREIGN_KEY_CHECKS=@@FOREIGN_KEY_CHECKS, FOREIGN_KEY_CHECKS=0 */;
/*!40101 SET @OLD_SQL_MODE=@@SQL_MODE, SQL_MODE='NO_AUTO_VALUE_ON_ZERO' */;
/*!40111 SET @OLD_SQL_NOTES=@@SQL_NOTES, SQL_NOTES=0 */;
CREATE DATABASE /*!32312 IF NOT EXISTS*/`bracelet` /*!40100 DEFAULT CHARACTER SET utf8 */;

USE `bracelet`;

/*Table structure for table `abnormal` */

DROP TABLE IF EXISTS `abnormal`;

CREATE TABLE `abnormal` (
  `num` int(11) NOT NULL AUTO_INCREMENT,
  `equipment_id` varchar(16) NOT NULL,
  `user_id` varchar(16) NOT NULL,
  `abnor` varchar(25) NOT NULL,
  `time` timestamp NULL DEFAULT CURRENT_TIMESTAMP,
  PRIMARY KEY (`num`)
) ENGINE=InnoDB AUTO_INCREMENT=2081 DEFAULT CHARSET=utf8;

/*Data for the table `abnormal` */

/*Table structure for table `admin` */

DROP TABLE IF EXISTS `admin`;

CREATE TABLE `admin` (
  `admin_id` int(11) NOT NULL AUTO_INCREMENT,
  `admin_name` varchar(20) NOT NULL,
  `admin_key` varchar(64) NOT NULL,
  PRIMARY KEY (`admin_id`)
) ENGINE=InnoDB AUTO_INCREMENT=3 DEFAULT CHARSET=utf8;

/*Data for the table `admin` */

insert  into `admin`(`admin_id`,`admin_name`,`admin_key`) values (1,'admin','123'),(2,'ling','123');

/*Table structure for table `currentbd` */

DROP TABLE IF EXISTS `currentbd`;

CREATE TABLE `currentbd` (
  `id` varchar(25) NOT NULL,
  `user_id` varchar(16) NOT NULL,
  `user_name` varchar(16) DEFAULT NULL,
  `equipment_id` varchar(16) NOT NULL,
  `user_condition` varchar(16) DEFAULT NULL,
  `cycle_num` varchar(4) DEFAULT NULL,
  `hearbeat` varchar(16) DEFAULT NULL,
  `watch_power` varchar(4) DEFAULT NULL,
  `user_long` varchar(16) DEFAULT NULL,
  `lat` varchar(16) DEFAULT NULL,
  `totalTime` varchar(25) DEFAULT NULL,
  `run` varchar(5) DEFAULT NULL,
  PRIMARY KEY (`id`)
) ENGINE=InnoDB DEFAULT CHARSET=utf8;

/*Data for the table `currentbd` */

insert  into `currentbd`(`id`,`user_id`,`user_name`,`equipment_id`,`user_condition`,`cycle_num`,`hearbeat`,`watch_power`,`user_long`,`lat`,`totalTime`,`run`) values ('1584086418913','0','0','0','正常','0','','正常','','','','true'),('1584086418914','1','1','1','正常','0','','正常','','','','true'),('1584086418915','2','2','2','正常','0','','正常','','','','true'),('1584086418916','3','3','3','正常','0','','正常','','','','true'),('1584086418917','4','4','4','正常','0','','正常','','','','true'),('1584086418918','5','5','5','正常','0','','正常','','','','true'),('1584086418919','6','6','6','正常','0','','正常','','','','true'),('1584086418920','7','7','7','正常','0','','正常','','','','true'),('1584086418921','8','8','8','正常','0','','正常','','','','true'),('1584086418922','9','9','9','正常','0','','正常','','','','true'),('1584086418923','10','10','10','正常','0','','正常','','','','true'),('1584086418924','11','11','11','正常','0','','正常','','','','true'),('1584086418925','12','12','12','正常','0','','正常','','','','true'),('1584086418926','13','13','13','正常','0','','正常','','','','true'),('1584086418927','14','14','14','正常','0','','正常','','','','true'),('1584086418928','15','15','15','正常','0','','正常','','','','true'),('1584086418929','16','16','16','正常','0','','正常','','','','true'),('1584086418930','17','17','17','正常','0','','正常','','','','true'),('1584086418931','18','18','18','正常','0','','正常','','','','true'),('1584086418932','19','19','19','正常','0','','正常','','','','true'),('1584086418933','20','20','20','正常','0','','正常','','','','true'),('1584086418934','21','21','21','正常','0','','正常','','','','true'),('1584086418935','22','22','22','正常','0','','正常','','','','true'),('1584086418936','23','23','23','正常','0','','正常','','','','true'),('1584086418937','24','24','24','正常','0','','正常','','','','true'),('1584086418938','25','25','25','正常','0','','正常','','','','true'),('1584086418939','26','26','26','正常','0','','正常','','','','true'),('1584086418940','27','27','27','正常','0','','正常','','','','true'),('1584086418941','28','28','28','正常','0','','正常','','','','true'),('1584086418942','29','29','29','正常','0','','正常','','','','true'),('1584086418943','30','30','30','正常','0','','正常','','','','true'),('1584086418944','31','31','31','正常','0','','正常','','','','true'),('1584086418945','32','32','32','正常','0','','正常','','','','true'),('1584086418946','33','33','33','正常','0','','正常','','','','true'),('1584086418947','34','34','34','正常','0','','正常','','','','true'),('1584086418948','35','35','35','正常','0','','正常','','','','true'),('1584086418949','36','36','36','正常','0','','正常','','','','true'),('1584086418950','37','37','37','正常','0','','正常','','','','true'),('1584086418951','38','38','38','正常','0','','正常','','','','true'),('1584086418952','39','39','39','正常','0','','正常','','','','true'),('1584086418953','40','40','40','正常','0','','正常','','','','true'),('1584086418954','41','41','41','正常','0','','正常','','','','true'),('1584086418955','42','42','42','正常','0','','正常','','','','true'),('1584086418956','43','43','43','正常','0','','正常','','','','true'),('1584086418957','44','44','44','正常','0','','正常','','','','true'),('1584086418958','45','45','45','正常','0','','正常','','','','true'),('1584086418959','46','46','46','正常','0','','正常','','','','true'),('1584086418960','47','47','47','正常','0','','正常','','','','true'),('1584086418961','48','48','48','正常','0','','正常','','','','true'),('1584086418962','49','49','49','正常','0','','正常','','','','true'),('1584086418963','50','50','50','正常','0','','正常','','','','true'),('1584086418964','51','51','51','正常','0','','正常','','','','true'),('1584086418965','52','52','52','正常','0','','正常','','','','true'),('1584086418966','53','53','53','正常','0','','正常','','','','true'),('1584086418967','54','54','54','正常','0','','正常','','','','true'),('1584086418970','55','55','55','正常','0','','正常','','','','true'),('1584086418971','56','56','56','正常','0','','正常','','','','true'),('1584086418972','57','57','57','正常','0','','正常','','','','true'),('1584086418973','58','58','58','正常','0','','正常','','','','true'),('1584086418974','59','59','59','正常','0','','正常','','','','true'),('1584086418975','60','60','60','正常','0','','正常','','','','true'),('1584086418976','61','61','61','正常','0','','正常','','','','true'),('1584086418977','62','62','62','正常','0','','正常','','','','true'),('1584086418978','63','63','63','正常','0','','正常','','','','true'),('1584086418979','64','64','64','正常','0','','正常','','','','true'),('1584086418980','65','65','65','正常','0','','正常','','','','true'),('1584086418981','66','66','66','正常','0','','正常','','','','true'),('1584086418982','67','67','67','正常','0','','正常','','','','true'),('1584086418983','68','68','68','正常','0','','正常','','','','true'),('1584086418984','69','69','69','正常','0','','正常','','','','true'),('1584086418985','70','70','70','正常','0','','正常','','','','true'),('1584086418986','71','71','71','正常','0','','正常','','','','true'),('1584086418987','72','72','72','正常','0','','正常','','','','true'),('1584086418988','73','73','73','正常','0','','正常','','','','true'),('1584086418989','74','74','74','正常','0','','正常','','','','true'),('1584086418990','75','75','75','正常','0','','正常','','','','true'),('1584086418991','76','76','76','正常','0','','正常','','','','true'),('1584086418992','77','77','77','正常','0','','正常','','','','true'),('1584086418993','78','78','78','正常','0','','正常','','','','true'),('1584086418994','79','79','79','正常','0','','正常','','','','true'),('1584086418995','80','80','80','正常','0','','正常','','','','true'),('1584086418996','81','81','81','正常','0','','正常','','','','true'),('1584086418997','82','82','82','正常','0','','正常','','','','true'),('1584086418998','83','83','83','正常','0','','正常','','','','true'),('1584086418999','84','84','84','正常','0','','正常','','','','true'),('1584086419000','85','85','85','正常','0','','正常','','','','true'),('1584086419001','86','86','86','正常','0','','正常','','','','true'),('1584086419002','87','87','87','正常','0','','正常','','','','true'),('1584086419004','88','88','88','正常','0','','正常','','','','true'),('1584086419005','89','89','89','正常','0','','正常','','','','true'),('1584086419006','90','90','90','正常','0','','正常','','','','true'),('1584086419007','91','91','91','正常','0','','正常','','','','true'),('1584086419008','92','92','92','正常','0','','正常','','','','true'),('1584086419009','93','93','93','正常','0','','正常','','','','true'),('1584086419010','94','94','94','正常','0','','正常','','','','true'),('1584086419011','95','95','95','正常','0','','正常','','','','true'),('1584086419012','96','96','96','正常','0','','正常','','','','true'),('1584086419013','97','97','97','正常','0','','正常','','','','true'),('1584086419014','98','98','98','正常','0','','正常','','','','true'),('1584086419015','99','99','99','正常','0','','正常','','','','true'),('1584086764495','0','0','0','正常','0','','正常','','','','true'),('1584086764496','1','1','1','正常','0','','正常','','','','true'),('1584086764497','2','2','2','正常','0','','正常','','','','true'),('1584086764498','3','3','3','正常','0','','正常','','','','true'),('1584086764499','4','4','4','正常','0','','正常','','','','true'),('1584086764500','5','5','5','正常','0','','正常','','','','true'),('1584086764501','6','6','6','正常','0','','正常','','','','true'),('1584086764502','7','7','7','正常','0','','正常','','','','true'),('1584086764503','8','8','8','正常','0','','正常','','','','true'),('1584086764504','9','9','9','正常','0','','正常','','','','true'),('1584086764505','10','10','10','正常','0','','正常','','','','true'),('1584086764506','11','11','11','正常','0','','正常','','','','true'),('1584086764507','12','12','12','正常','0','','正常','','','','true'),('1584086764508','13','13','13','正常','0','','正常','','','','true'),('1584086764509','14','14','14','正常','0','','正常','','','','true'),('1584086764510','15','15','15','正常','0','','正常','','','','true'),('1584086764511','16','16','16','正常','0','','正常','','','','true'),('1584086764512','17','17','17','正常','0','','正常','','','','true'),('1584086764513','18','18','18','正常','0','','正常','','','','true'),('1584086764514','19','19','19','正常','0','','正常','','','','true'),('1584086764515','20','20','20','正常','0','','正常','','','','true'),('1584086764516','21','21','21','正常','0','','正常','','','','true'),('1584086764517','22','22','22','正常','0','','正常','','','','true'),('1584086764518','23','23','23','正常','0','','正常','','','','true'),('1584086764519','24','24','24','正常','0','','正常','','','','true'),('1584086764520','25','25','25','正常','0','','正常','','','','true'),('1584086764521','26','26','26','正常','0','','正常','','','','true'),('1584086764522','27','27','27','正常','0','','正常','','','','true'),('1584086764523','28','28','28','正常','0','','正常','','','','true'),('1584086764524','29','29','29','正常','0','','正常','','','','true'),('1584086764525','30','30','30','正常','0','','正常','','','','true'),('1584086764526','31','31','31','正常','0','','正常','','','','true'),('1584086764527','32','32','32','正常','0','','正常','','','','true'),('1584086764528','33','33','33','正常','0','','正常','','','','true'),('1584086764529','34','34','34','正常','0','','正常','','','','true'),('1584086764530','35','35','35','正常','0','','正常','','','','true'),('1584086764531','36','36','36','正常','0','','正常','','','','true'),('1584086764532','37','37','37','正常','0','','正常','','','','true'),('1584086764533','38','38','38','正常','0','','正常','','','','true'),('1584086764534','39','39','39','正常','0','','正常','','','','true'),('1584086764535','40','40','40','正常','0','','正常','','','','true'),('1584086764536','41','41','41','正常','0','','正常','','','','true'),('1584086764537','42','42','42','正常','0','','正常','','','','true'),('1584086764538','43','43','43','正常','0','','正常','','','','true'),('1584086764539','44','44','44','正常','0','','正常','','','','true'),('1584086764540','45','45','45','正常','0','','正常','','','','true'),('1584086764541','46','46','46','正常','0','','正常','','','','true'),('1584086764542','47','47','47','正常','0','','正常','','','','true'),('1584086764543','48','48','48','正常','0','','正常','','','','true'),('1584086764544','49','49','49','正常','0','','正常','','','','true'),('1584086764545','50','50','50','正常','0','','正常','','','','true'),('1584086764546','51','51','51','正常','0','','正常','','','','true'),('1584086764547','52','52','52','正常','0','','正常','','','','true'),('1584086764548','53','53','53','正常','0','','正常','','','','true'),('1584086764549','54','54','54','正常','0','','正常','','','','true'),('1584086764550','55','55','55','正常','0','','正常','','','','true'),('1584086764554','56','56','56','正常','0','','正常','','','','true'),('1584086764555','57','57','57','正常','0','','正常','','','','true'),('1584086764556','58','58','58','正常','0','','正常','','','','true'),('1584086764557','59','59','59','正常','0','','正常','','','','true'),('1584086764558','60','60','60','正常','0','','正常','','','','true'),('1584086764559','61','61','61','正常','0','','正常','','','','true'),('1584086764560','62','62','62','正常','0','','正常','','','','true'),('1584086764561','63','63','63','正常','0','','正常','','','','true'),('1584086764562','64','64','64','正常','0','','正常','','','','true'),('1584086764563','65','65','65','正常','0','','正常','','','','true'),('1584086764564','66','66','66','正常','0','','正常','','','','true'),('1584086764565','67','67','67','正常','0','','正常','','','','true'),('1584086764566','68','68','68','正常','0','','正常','','','','true'),('1584086764567','69','69','69','正常','0','','正常','','','','true'),('1584086764568','70','70','70','正常','0','','正常','','','','true'),('1584086764569','71','71','71','正常','0','','正常','','','','true'),('1584086764570','72','72','72','正常','0','','正常','','','','true'),('1584086764571','73','73','73','正常','0','','正常','','','','true'),('1584086764572','74','74','74','正常','0','','正常','','','','true'),('1584086764573','75','75','75','正常','0','','正常','','','','true'),('1584086764574','76','76','76','正常','0','','正常','','','','true'),('1584086764575','77','77','77','正常','0','','正常','','','','true'),('1584086764576','78','78','78','正常','0','','正常','','','','true'),('1584086764577','79','79','79','正常','0','','正常','','','','true'),('1584086764578','80','80','80','正常','0','','正常','','','','true'),('1584086764579','81','81','81','正常','0','','正常','','','','true'),('1584086764580','82','82','82','正常','0','','正常','','','','true'),('1584086764581','83','83','83','正常','0','','正常','','','','true'),('1584086764582','84','84','84','正常','0','','正常','','','','true'),('1584086764583','85','85','85','正常','0','','正常','','','','true'),('1584086764584','86','86','86','正常','0','','正常','','','','true'),('1584086764585','87','87','87','正常','0','','正常','','','','true'),('1584086764586','88','88','88','正常','0','','正常','','','','true'),('1584086764587','89','89','89','正常','0','','正常','','','','true'),('1584086764588','90','90','90','正常','0','','正常','','','','true'),('1584086764589','91','91','91','正常','0','','正常','','','','true'),('1584086764590','92','92','92','正常','0','','正常','','','','true'),('1584086764591','93','93','93','正常','0','','正常','','','','true'),('1584086764592','94','94','94','正常','0','','正常','','','','true'),('1584086764593','95','95','95','正常','0','','正常','','','','true'),('1584086764594','96','96','96','正常','0','','正常','','','','true'),('1584086764595','97','97','97','正常','0','','正常','','','','true'),('1584086764596','98','98','98','正常','0','','正常','','','','true'),('1584086764597','99','99','99','正常','0','','正常','','','','true');

/*Table structure for table `equipmendata` */

DROP TABLE IF EXISTS `equipmendata`;

CREATE TABLE `equipmendata` (
  `equipment_id` varchar(16) DEFAULT NULL
) ENGINE=InnoDB DEFAULT CHARSET=utf8;

/*Data for the table `equipmendata` */

insert  into `equipmendata`(`equipment_id`) values ('0'),('1'),('2'),('3'),('4'),('5'),('6'),('7'),('8'),('9'),('10'),('11'),('12'),('13'),('14'),('15'),('16'),('17'),('18'),('19'),('20'),('21'),('22'),('23'),('24'),('25'),('26'),('27'),('28'),('29'),('30'),('31'),('32'),('33'),('34'),('35'),('36'),('37'),('38'),('39'),('40'),('41'),('42'),('43'),('44'),('45'),('46'),('47'),('48'),('49'),('50'),('51'),('52'),('53'),('54'),('55'),('56'),('57'),('58'),('59'),('60'),('61'),('62'),('63'),('64'),('65'),('66'),('67'),('68'),('69'),('70'),('71'),('72'),('73'),('74'),('75'),('76'),('77'),('78'),('79'),('80'),('81'),('82'),('83'),('84'),('85'),('86'),('87'),('88'),('89'),('90'),('91'),('92'),('93'),('94'),('95'),('96'),('97'),('98'),('99');

/*Table structure for table `historybd` */

DROP TABLE IF EXISTS `historybd`;

CREATE TABLE `historybd` (
  `num` int(11) NOT NULL AUTO_INCREMENT,
  `id` varchar(25) NOT NULL,
  `user_id` varchar(16) NOT NULL,
  `user_name` varchar(16) DEFAULT NULL,
  `equipment_id` varchar(16) NOT NULL,
  `user_condition` varchar(16) DEFAULT NULL,
  `cycle_num` varchar(4) DEFAULT NULL,
  `hearbeat` varchar(16) DEFAULT NULL,
  `watch_power` varchar(4) DEFAULT NULL,
  `user_long` varchar(16) DEFAULT NULL,
  `lat` varchar(16) DEFAULT NULL,
  `set_time` timestamp NULL DEFAULT CURRENT_TIMESTAMP,
  PRIMARY KEY (`num`)
) ENGINE=InnoDB AUTO_INCREMENT=91 DEFAULT CHARSET=utf8;

/*Data for the table `historybd` */

/*Table structure for table `surperadmin` */

DROP TABLE IF EXISTS `surperadmin`;

CREATE TABLE `surperadmin` (
  `admin_key` varchar(64) NOT NULL,
  PRIMARY KEY (`admin_key`)
) ENGINE=InnoDB DEFAULT CHARSET=utf8;

/*Data for the table `surperadmin` */

insert  into `surperadmin`(`admin_key`) values ('123');

/*Table structure for table `t_history_location` */

DROP TABLE IF EXISTS `t_history_location`;

CREATE TABLE `t_history_location` (
  `id` int(11) NOT NULL AUTO_INCREMENT,
  `equipment_id` varchar(10) NOT NULL COMMENT '设备号',
  `longitude_type` varchar(10) NOT NULL COMMENT '经度类型: E W',
  `longitude_data` varchar(20) NOT NULL COMMENT '经度数据',
  `latitude_type` varchar(10) NOT NULL COMMENT '纬度类型: N S',
  `latitude_data` varchar(20) NOT NULL COMMENT '纬度数据',
  `save_time` timestamp NOT NULL DEFAULT CURRENT_TIMESTAMP ON UPDATE CURRENT_TIMESTAMP COMMENT '数据存入的时间',
  `distance_from_last_location` varchar(40) NOT NULL COMMENT '与上一次的距离',
  `is_begin_run` varchar(10) NOT NULL COMMENT '是否已经开始跑',
  `total_time` varchar(10) DEFAULT NULL COMMENT '总体时间',
  `circle_num` varchar(10) NOT NULL COMMENT '剩余圈数',
  `heart_rate` varchar(10) DEFAULT NULL COMMENT '心率',
  PRIMARY KEY (`id`)
) ENGINE=InnoDB AUTO_INCREMENT=4091 DEFAULT CHARSET=utf8;

/*Data for the table `t_history_location` */

/*Table structure for table `userdata` */

DROP TABLE IF EXISTS `userdata`;

CREATE TABLE `userdata` (
  `user_id` varchar(16) NOT NULL,
  `user_name` varchar(16) DEFAULT NULL,
  `user_sex` varchar(4) DEFAULT NULL,
  `user_phone` varchar(25) DEFAULT NULL,
  PRIMARY KEY (`user_id`)
) ENGINE=InnoDB DEFAULT CHARSET=utf8;

/*Data for the table `userdata` */

insert  into `userdata`(`user_id`,`user_name`,`user_sex`,`user_phone`) values ('0','0','男','0'),('1','1','男','1'),('10','10','男','10'),('11','11','男','11'),('12','12','男','12'),('13','13','男','13'),('14','14','男','14'),('15','15','男','15'),('16','16','男','16'),('17','17','男','17'),('18','18','男','18'),('19','19','男','19'),('2','2','男','2'),('20','20','男','20'),('21','21','男','21'),('22','22','男','22'),('23','23','男','23'),('24','24','男','24'),('25','25','男','25'),('26','26','男','26'),('27','27','男','27'),('28','28','男','28'),('29','29','男','29'),('3','3','男','3'),('30','30','男','30'),('31','31','男','31'),('32','32','男','32'),('33','33','男','33'),('34','34','男','34'),('35','35','男','35'),('36','36','男','36'),('37','37','男','37'),('38','38','男','38'),('39','39','男','39'),('4','4','男','4'),('40','40','男','40'),('41','41','男','41'),('42','42','男','42'),('43','43','男','43'),('44','44','男','44'),('45','45','男','45'),('46','46','男','46'),('47','47','男','47'),('48','48','男','48'),('49','49','男','49'),('5','5','男','5'),('50','50','男','50'),('51','51','男','51'),('52','52','男','52'),('53','53','男','53'),('54','54','男','54'),('55','55','男','55'),('56','56','男','56'),('57','57','男','57'),('58','58','男','58'),('59','59','男','59'),('6','6','男','6'),('60','60','男','60'),('61','61','男','61'),('62','62','男','62'),('63','63','男','63'),('64','64','男','64'),('65','65','男','65'),('66','66','男','66'),('67','67','男','67'),('68','68','男','68'),('69','69','男','69'),('7','7','男','7'),('70','70','男','70'),('71','71','男','71'),('72','72','男','72'),('73','73','男','73'),('74','74','男','74'),('75','75','男','75'),('76','76','男','76'),('77','77','男','77'),('78','78','男','78'),('79','79','男','79'),('8','8','男','8'),('80','80','男','80'),('81','81','男','81'),('82','82','男','82'),('83','83','男','83'),('84','84','男','84'),('85','85','男','85'),('86','86','男','86'),('87','87','男','87'),('88','88','男','88'),('89','89','男','89'),('9','9','男','9'),('90','90','男','90'),('91','91','男','91'),('92','92','男','92'),('93','93','男','93'),('94','94','男','94'),('95','95','男','95'),('96','96','男','96'),('97','97','男','97'),('98','98','男','98'),('99','99','男','99');

/*!40101 SET SQL_MODE=@OLD_SQL_MODE */;
/*!40014 SET FOREIGN_KEY_CHECKS=@OLD_FOREIGN_KEY_CHECKS */;
/*!40014 SET UNIQUE_CHECKS=@OLD_UNIQUE_CHECKS */;
/*!40111 SET SQL_NOTES=@OLD_SQL_NOTES */;
